TRIAL_NR,WORD,WORD_TYPE,ANSWER,ACC,RT
1,b,new,z,True,1.266792706999695
2,aa,exp,m,True,1.097362925997004
3,a,exp,m,True,1.7090200500097126
4,bbb,new,z,True,1.1229651939938776
5,bb,new,z,True,2.1359618169954047
6,aaa,exp,z,False,1.4798962700006086
